{
	"bsonType": "object",
	"required": ["permission_id", "permission_name"],
	"permission": {
		"read": "'READ_UNI_ID_PERMISSIONS' in auth.permission",
		"create": "'CREATE_UNI_ID_PERMISSIONS' in auth.permission",
		"update": "'UPDATE_UNI_ID_PERMISSIONS' in auth.permission",
		"delete": "'DELETE_UNI_ID_PERMISSIONS' in auth.permission"
	},
	"properties": {
		"_id": {
			"description": "存储文档 ID，系统自动生成"
		},
		"permission_id": {
			"bsonType": "string",
			"description": "权限唯一标识，不可修改，不允许重复",
			"label": "权限标识",
			"trim": "both",
			"title": "权限ID"
		},
		"permission_name": {
			"bsonType": "string",
			"description": "权限名称",
			"label": "权限名称",
			"title": "权限名称",
			"trim": "both"
		},
		"comment": {
			"bsonType": "string",
			"description": "备注",
			"label": "备注",
			"title": "备注",
			"trim": "both",
			"component": {
				"name": "textarea"
			}
		},
		"create_date": {
			"bsonType": "timestamp",
			"description": "创建时间",
			"forceDefaultValue": {
				"$env": "now"
			}
		}
	}
}
